
INSERT INTO Attribute (AttributeName) VALUES('Spa');
INSERT INTO Attribute (AttributeName) VALUES('Fitness Center ');
INSERT INTO Attribute (AttributeName) VALUES('Business Center');
INSERT INTO Attribute (AttributeName) VALUES('Golf Course ');
INSERT INTO Attribute (AttributeName) VALUES('Other Recreation Facilities - Pools, game rooms, tennis courts, ect ');
INSERT INTO Attribute (AttributeName) VALUES('Management/Sales Attention');
INSERT INTO Attribute (AttributeName) VALUES('Resturants');
INSERT INTO Attribute (AttributeName) VALUES('Bars');
INSERT INTO Attribute (AttributeName) VALUES('Room Service');
INSERT INTO Attribute (AttributeName) VALUES('Banquet & Catering');
INSERT INTO Attribute (AttributeName) VALUES('Meeting Rooms');
INSERT INTO Attribute (AttributeName) VALUES('Entertainment');
INSERT INTO Attribute (AttributeName) VALUES('Courtesy(FB)');
INSERT INTO Attribute (AttributeName) VALUES('Guest Rooms ');
INSERT INTO Attribute (AttributeName) VALUES('Reservations');
INSERT INTO Attribute (AttributeName) VALUES('Guest Check in/Guest Check out');
INSERT INTO Attribute (AttributeName) VALUES('Concierge ');
INSERT INTO Attribute (AttributeName) VALUES('Housekeeping');
INSERT INTO Attribute (AttributeName) VALUES('Maintanence and security');
INSERT INTO Attribute (AttributeName) VALUES('Courtesy (Rooms)');




INSERT INTO segment (SegmentName,MaxRating)VALUES('Business','96');
INSERT INTO segment (SegmentName,MaxRating)VALUES('Small Business','51');
INSERT INTO segment (SegmentName,MaxRating)VALUES('Corporate contract','80');
INSERT INTO segment (SegmentName,MaxRating)VALUES('Families','52');
INSERT INTO segment (SegmentName,MaxRating)VALUES('Afluent Mature Travelers','103');
INSERT INTO segment (SegmentName,MaxRating)VALUES('International leisure travelers','84');
INSERT INTO segment (SegmentName,MaxRating)VALUES('Corporate/Business Meetings','95');
INSERT INTO segment (SegmentName,MaxRating)VALUES('Association Meetings','101');





INSERT INTO marketingtechniques (Techniques) VALUES('Advertising');
INSERT INTO marketingtechniques (Techniques) VALUES('Sales Force');
INSERT INTO marketingtechniques (Techniques) VALUES('Promotions');
INSERT INTO marketingtechniques (Techniques) VALUES('Public Relations');


INSERT INTO DistributionChannels (CHANNEL) VALUES ('Direct');
INSERT INTO DistributionChannels (CHANNEL) VALUES ('Travel Agent');
INSERT INTO DistributionChannels (CHANNEL) VALUES ('Online Travel Agent');
INSERT INTO DistributionChannels (CHANNEL) VALUES ('Opaque');



INSERT INTO attributeMaxCapitalOperationConfig (configID,attribute,maxNewCapital,newCapitalPortion,maxOperation,operationPortion,laborPortion,preCapitalPercent,preLaborPercent,initialCapital,depreciationYearly) VALUES ('1','Banquet & Catering','252500.00','0.40','223200.00','0.20','0.40','0.00020','0.02566800','187500.00','0.06');
INSERT INTO attributeMaxCapitalOperationConfig (configID,attribute,maxNewCapital,newCapitalPortion,maxOperation,operationPortion,laborPortion,preCapitalPercent,preLaborPercent,initialCapital,depreciationYearly) VALUES ('1','Bars','808000.00','0.40','178560.00','0.20','0.40','0.00100','0.03565000','600000.00','0.06');
INSERT INTO attributeMaxCapitalOperationConfig (configID,attribute,maxNewCapital,newCapitalPortion,maxOperation,operationPortion,laborPortion,preCapitalPercent,preLaborPercent,initialCapital,depreciationYearly) VALUES ('1','Business Center','202000.00','0.60','35640.00','0.20','0.20','0.00016','0.00201600','150000.00','0.06');
INSERT INTO attributeMaxCapitalOperationConfig (configID,attribute,maxNewCapital,newCapitalPortion,maxOperation,operationPortion,laborPortion,preCapitalPercent,preLaborPercent,initialCapital,depreciationYearly) VALUES ('1','Concierge','202000.00','0.30','113360.00','0.20','0.50','0.00020','0.00384800','150000.00','0.06');
INSERT INTO attributeMaxCapitalOperationConfig (configID,attribute,maxNewCapital,newCapitalPortion,maxOperation,operationPortion,laborPortion,preCapitalPercent,preLaborPercent,initialCapital,depreciationYearly) VALUES ('1','Courtesy (Rooms)','22220000.00','0.40','78000.00','0.20','0.40','0.01440','0.00870000','16500000.00','0.03');
INSERT INTO attributeMaxCapitalOperationConfig (configID,attribute,maxNewCapital,newCapitalPortion,maxOperation,operationPortion,laborPortion,preCapitalPercent,preLaborPercent,initialCapital,depreciationYearly) VALUES ('1','Courtesy(FB)','101000.00','0.70','80000.00','0.30','0.00','0.00010','0.00420000','75000.00','0.06');
INSERT INTO attributeMaxCapitalOperationConfig (configID,attribute,maxNewCapital,newCapitalPortion,maxOperation,operationPortion,laborPortion,preCapitalPercent,preLaborPercent,initialCapital,depreciationYearly) VALUES ('1','Entertainment','101000.00','0.40','17820.00','0.20','0.40','0.00010','0.00352800','75000.00','0.06');
INSERT INTO attributeMaxCapitalOperationConfig (configID,attribute,maxNewCapital,newCapitalPortion,maxOperation,operationPortion,laborPortion,preCapitalPercent,preLaborPercent,initialCapital,depreciationYearly) VALUES ('1','Fitness Center','353500.00','0.60','35640.00','0.20','0.20','0.00024','0.00201600','260000.00','0.06');
INSERT INTO attributeMaxCapitalOperationConfig (configID,attribute,maxNewCapital,newCapitalPortion,maxOperation,operationPortion,laborPortion,preCapitalPercent,preLaborPercent,initialCapital,depreciationYearly) VALUES ('1','Golf Course','10100000.00','0.50','106920.00','0.20','0.30','0.00640','0.02016000','7500000.00','0.06');
INSERT INTO attributeMaxCapitalOperationConfig (configID,attribute,maxNewCapital,newCapitalPortion,maxOperation,operationPortion,laborPortion,preCapitalPercent,preLaborPercent,initialCapital,depreciationYearly) VALUES ('1','Guest Check in/Guest Check out','1010000.00','0.30','113360.00','0.20','0.50','0.00080','0.02020200','750000.00','0.06');
INSERT INTO attributeMaxCapitalOperationConfig (configID,attribute,maxNewCapital,newCapitalPortion,maxOperation,operationPortion,laborPortion,preCapitalPercent,preLaborPercent,initialCapital,depreciationYearly) VALUES ('1','Guest Rooms','15150000.00','0.60','56680.00','0.20','0.20','0.00960','0.00962000','11250000.00','0.06');
INSERT INTO attributeMaxCapitalOperationConfig (configID,attribute,maxNewCapital,newCapitalPortion,maxOperation,operationPortion,laborPortion,preCapitalPercent,preLaborPercent,initialCapital,depreciationYearly) VALUES ('1','Housekeeping','1616000.00','0.30','255060.00','0.30','0.40','0.00100','0.05675800','1200000.00','0.06');
INSERT INTO attributeMaxCapitalOperationConfig (configID,attribute,maxNewCapital,newCapitalPortion,maxOperation,operationPortion,laborPortion,preCapitalPercent,preLaborPercent,initialCapital,depreciationYearly) VALUES ('1','Maintanence and security','1212000.00','0.40','182000.00','0.20','0.40','0.00080','0.02030000','900000.00','0.06');
INSERT INTO attributeMaxCapitalOperationConfig (configID,attribute,maxNewCapital,newCapitalPortion,maxOperation,operationPortion,laborPortion,preCapitalPercent,preLaborPercent,initialCapital,depreciationYearly) VALUES ('1','Management/Sales Attention','303000.00','0.30','40000.00','0.20','0.50','0.00080','0.00250000','225000.00','0.06');
INSERT INTO attributeMaxCapitalOperationConfig (configID,attribute,maxNewCapital,newCapitalPortion,maxOperation,operationPortion,laborPortion,preCapitalPercent,preLaborPercent,initialCapital,depreciationYearly) VALUES ('1','Meeting Rooms','1010000.00','0.70','44640.00','0.15','0.15','0.00060','0.00285200','750000.00','0.06');
INSERT INTO attributeMaxCapitalOperationConfig (configID,attribute,maxNewCapital,newCapitalPortion,maxOperation,operationPortion,laborPortion,preCapitalPercent,preLaborPercent,initialCapital,depreciationYearly) VALUES ('1','Other Recreation Facilities - Pools, game rooms, tennis courts, ect','1767500.00','0.50','53460.00','0.20','0.30','0.00120','0.01008000','1312500.00','0.06');
INSERT INTO attributeMaxCapitalOperationConfig (configID,attribute,maxNewCapital,newCapitalPortion,maxOperation,operationPortion,laborPortion,preCapitalPercent,preLaborPercent,initialCapital,depreciationYearly) VALUES ('1','Reservations','1414000.00','0.30','85020.00','0.20','0.50','0.00100','0.00577200','1050000.00','0.06');
INSERT INTO attributeMaxCapitalOperationConfig (configID,attribute,maxNewCapital,newCapitalPortion,maxOperation,operationPortion,laborPortion,preCapitalPercent,preLaborPercent,initialCapital,depreciationYearly) VALUES ('1','Resturants','1515000.00','0.40','357120.00','0.20','0.40','0.00020','0.07130000','1125000.00','0.06');
INSERT INTO attributeMaxCapitalOperationConfig (configID,attribute,maxNewCapital,newCapitalPortion,maxOperation,operationPortion,laborPortion,preCapitalPercent,preLaborPercent,initialCapital,depreciationYearly) VALUES ('1','Room Service','202000.00','0.40','89280.00','0.30','0.30','0.00020','0.00713000','150000.00','0.06');
INSERT INTO attributeMaxCapitalOperationConfig (configID,attribute,maxNewCapital,newCapitalPortion,maxOperation,operationPortion,laborPortion,preCapitalPercent,preLaborPercent,initialCapital,depreciationYearly) VALUES ('1','Spa','1515000.00','0.60','89100.00','0.10','0.30','0.00100','0.01260000','1125000.00','0.06');


--////////////////////////////

INSERT INTO marketingVSsegmentConfig(marketingTechniques,segment,percentage,laborPercent,configId) VALUE('Advertising','Afluent Mature Travelers','0.70','0.30',1);
INSERT INTO marketingVSsegmentConfig(marketingTechniques,segment,percentage,laborPercent,configId) VALUE('Advertising','Association Meetings','0.05','0.30',1);
INSERT INTO marketingVSsegmentConfig(marketingTechniques,segment,percentage,laborPercent,configId) VALUE('Advertising','Business','0.30','0.30',1);
INSERT INTO marketingVSsegmentConfig(marketingTechniques,segment,percentage,laborPercent,configId) VALUE('Advertising','Corporate contract','0.05','0.30',1);
INSERT INTO marketingVSsegmentConfig(marketingTechniques,segment,percentage,laborPercent,configId) VALUE('Advertising','Corporate/Business Meetings','0.05','0.30',1);
INSERT INTO marketingVSsegmentConfig(marketingTechniques,segment,percentage,laborPercent,configId) VALUE('Advertising','Families','0.50','0.30',1);
INSERT INTO marketingVSsegmentConfig(marketingTechniques,segment,percentage,laborPercent,configId) VALUE('Advertising','International leisure travelers','0.65','0.30',1);
INSERT INTO marketingVSsegmentConfig(marketingTechniques,segment,percentage,laborPercent,configId) VALUE('Advertising','Small Business','0.30','0.30',1);
INSERT INTO marketingVSsegmentConfig(marketingTechniques,segment,percentage,laborPercent,configId) VALUE('Promotions','Afluent Mature Travelers','0.10','0.30',1);
INSERT INTO marketingVSsegmentConfig(marketingTechniques,segment,percentage,laborPercent,configId) VALUE('Promotions','Association Meetings','0.00','0.30',1);
INSERT INTO marketingVSsegmentConfig(marketingTechniques,segment,percentage,laborPercent,configId) VALUE('Promotions','Business','0.05','0.30',1);
INSERT INTO marketingVSsegmentConfig(marketingTechniques,segment,percentage,laborPercent,configId) VALUE('Promotions','Corporate contract','0.00','0.30',1);
INSERT INTO marketingVSsegmentConfig(marketingTechniques,segment,percentage,laborPercent,configId) VALUE('Promotions','Corporate/Business Meetings','0.00','0.30',1);
INSERT INTO marketingVSsegmentConfig(marketingTechniques,segment,percentage,laborPercent,configId) VALUE('Promotions','Families','0.30','0.30',1);
INSERT INTO marketingVSsegmentConfig(marketingTechniques,segment,percentage,laborPercent,configId) VALUE('Promotions','International leisure travelers','0.10','0.30',1);
INSERT INTO marketingVSsegmentConfig(marketingTechniques,segment,percentage,laborPercent,configId) VALUE('Promotions','Small Business','0.30','0.30',1);
INSERT INTO marketingVSsegmentConfig(marketingTechniques,segment,percentage,laborPercent,configId) VALUE('Public Relations','Afluent Mature Travelers','0.20','0.50',1);
INSERT INTO marketingVSsegmentConfig(marketingTechniques,segment,percentage,laborPercent,configId) VALUE('Public Relations','Association Meetings','0.15','0.50',1);
INSERT INTO marketingVSsegmentConfig(marketingTechniques,segment,percentage,laborPercent,configId) VALUE('Public Relations','Business','0.15','0.50',1);
INSERT INTO marketingVSsegmentConfig(marketingTechniques,segment,percentage,laborPercent,configId) VALUE('Public Relations','Corporate contract','0.05','0.50',1);
INSERT INTO marketingVSsegmentConfig(marketingTechniques,segment,percentage,laborPercent,configId) VALUE('Public Relations','Corporate/Business Meetings','0.05','0.50',1);
INSERT INTO marketingVSsegmentConfig(marketingTechniques,segment,percentage,laborPercent,configId) VALUE('Public Relations','Families','0.20','0.50',1);
INSERT INTO marketingVSsegmentConfig(marketingTechniques,segment,percentage,laborPercent,configId) VALUE('Public Relations','International leisure travelers','0.25','0.50',1);
INSERT INTO marketingVSsegmentConfig(marketingTechniques,segment,percentage,laborPercent,configId) VALUE('Public Relations','Small Business','0.10','0.50',1);
INSERT INTO marketingVSsegmentConfig(marketingTechniques,segment,percentage,laborPercent,configId) VALUE('Sales Force','Afluent Mature Travelers','0.00','0.60',1);
INSERT INTO marketingVSsegmentConfig(marketingTechniques,segment,percentage,laborPercent,configId) VALUE('Sales Force','Association Meetings','0.80','0.60',1);
INSERT INTO marketingVSsegmentConfig(marketingTechniques,segment,percentage,laborPercent,configId) VALUE('Sales Force','Business','0.50','0.60',1);
INSERT INTO marketingVSsegmentConfig(marketingTechniques,segment,percentage,laborPercent,configId) VALUE('Sales Force','Corporate contract','0.90','0.60',1);
INSERT INTO marketingVSsegmentConfig(marketingTechniques,segment,percentage,laborPercent,configId) VALUE('Sales Force','Corporate/Business Meetings','0.90','0.60',1);
INSERT INTO marketingVSsegmentConfig(marketingTechniques,segment,percentage,laborPercent,configId) VALUE('Sales Force','Families','0.00','0.60',1);
INSERT INTO marketingVSsegmentConfig(marketingTechniques,segment,percentage,laborPercent,configId) VALUE('Sales Force','International leisure travelers','0.00','0.60',1);
INSERT INTO marketingVSsegmentConfig(marketingTechniques,segment,percentage,laborPercent,configId) VALUE('Sales Force','Small Business','0.30','0.60',1);
UPDATE MarketingVSsegmentConfig SET configId=1;


----------///////////////////////
INSERT INTO segmentConfig (configId,segment,percentage) VALUE(1,'Afluent Mature Travelers','0.10');
INSERT INTO segmentConfig (configId,segment,percentage) VALUE(1,'Association Meetings','0.20');
INSERT INTO segmentConfig (configId,segment,percentage) VALUE(1,'Business','0.15');
INSERT INTO segmentConfig (configId,segment,percentage) VALUE(1,'Corporate contract','0.05');
INSERT INTO segmentConfig (configId,segment,percentage) VALUE(1,'Corporate/Business Meetings','0.15');
INSERT INTO segmentConfig (configId,segment,percentage) VALUE(1,'Families','0.10');
INSERT INTO segmentConfig (configId,segment,percentage) VALUE(1,'International leisure travelers','0.10');
INSERT INTO segmentConfig (configId,segment,percentage) VALUE(1,'Small Business','0.15');

/*
UPDATE SegmentConfig SET ConfigID=1;


UPDATE SegmentConfig SET segment = REPLACE(segment, '\t', '' );
UPDATE MarketingVSsegmentConfig SET segment = REPLACE(segment, '\t', '' );
UPDATE marketingdecision SET segment = REPLACE(segment, '\t', '' );
UPDATE roomallocation SET segment = REPLACE(segment, '\t', '' );
UPDATE segment SET segmentName = REPLACE(segmentName, '\t', '' );
UPDATE pricedecision SET segment = REPLACE(segment, '\t', '' );
UPDATE pricemarketingattributesegmentconfig SET segment = REPLACE(segment, '\t', '' );
UPDATE idealratingattributeweightconfig SET segment = REPLACE(segment, '\t', '' ); 
UPDATE distributionchannelvssegmentconfig SET segment = REPLACE(segment, '\t', '' );
UPDATE AttributeDecision SET attribute = REPLACE(attribute, '\t', '' ); 
UPDATE customerrawrating SET segment = REPLACE(segment, '\t', '' );
UPDATE customerrawrating SET attribute = REPLACE(attribute, '\t', '' ); 
UPDATE AttributeMaxCapitalOperationConfig SET attribute = REPLACE(attribute, '\t', '' );
UPDATE attribute SET attributeName = REPLACE(attributeName, '\t', '' );
 
 */
 ----------------------------------------------------------------------
 
INSERT INTO priceMarketingAttributeSegmentConfig (ConfigID,PMA,Segment,Percentage) VALUES('1','Attributes','Afluent Mature Travelers','0.45');
INSERT INTO priceMarketingAttributeSegmentConfig (ConfigID,PMA,Segment,Percentage) VALUES('1','Attributes','Association Meetings','0.35');
INSERT INTO priceMarketingAttributeSegmentConfig (ConfigID,PMA,Segment,Percentage) VALUES('1','Attributes','Business ','0.50');
INSERT INTO priceMarketingAttributeSegmentConfig (ConfigID,PMA,Segment,Percentage) VALUES('1','Attributes','Corporate contract','0.35');
INSERT INTO priceMarketingAttributeSegmentConfig (ConfigID,PMA,Segment,Percentage) VALUES('1','Attributes','Corporate/Business Meetings ','0.40');
INSERT INTO priceMarketingAttributeSegmentConfig (ConfigID,PMA,Segment,Percentage) VALUES('1','Attributes','Families ','0.30');
INSERT INTO priceMarketingAttributeSegmentConfig (ConfigID,PMA,Segment,Percentage) VALUES('1','Attributes','International leisure travelers ','0.40');
INSERT INTO priceMarketingAttributeSegmentConfig (ConfigID,PMA,Segment,Percentage) VALUES('1','Attributes','Small Business ','0.30');
INSERT INTO priceMarketingAttributeSegmentConfig (ConfigID,PMA,Segment,Percentage) VALUES('1','Marketing ','Afluent Mature Travelers','0.25');
INSERT INTO priceMarketingAttributeSegmentConfig (ConfigID,PMA,Segment,Percentage) VALUES('1','Marketing ','Association Meetings','0.25');
INSERT INTO priceMarketingAttributeSegmentConfig (ConfigID,PMA,Segment,Percentage) VALUES('1','Marketing ','Business ','0.25');
INSERT INTO priceMarketingAttributeSegmentConfig (ConfigID,PMA,Segment,Percentage) VALUES('1','Marketing ','Corporate contract','0.25');
INSERT INTO priceMarketingAttributeSegmentConfig (ConfigID,PMA,Segment,Percentage) VALUES('1','Marketing ','Corporate/Business Meetings ','0.25');
INSERT INTO priceMarketingAttributeSegmentConfig (ConfigID,PMA,Segment,Percentage) VALUES('1','Marketing ','Families ','0.25');
INSERT INTO priceMarketingAttributeSegmentConfig (ConfigID,PMA,Segment,Percentage) VALUES('1','Marketing ','International leisure travelers ','0.25');
INSERT INTO priceMarketingAttributeSegmentConfig (ConfigID,PMA,Segment,Percentage) VALUES('1','Marketing ','Small Business ','0.25');
INSERT INTO priceMarketingAttributeSegmentConfig (ConfigID,PMA,Segment,Percentage) VALUES('1','Price ','Afluent Mature Travelers','0.30');
INSERT INTO priceMarketingAttributeSegmentConfig (ConfigID,PMA,Segment,Percentage) VALUES('1','Price ','Association Meetings','0.40');
INSERT INTO priceMarketingAttributeSegmentConfig (ConfigID,PMA,Segment,Percentage) VALUES('1','Price ','Business ','0.25');
INSERT INTO priceMarketingAttributeSegmentConfig (ConfigID,PMA,Segment,Percentage) VALUES('1','Price ','Corporate contract','0.40');
INSERT INTO priceMarketingAttributeSegmentConfig (ConfigID,PMA,Segment,Percentage) VALUES('1','Price ','Corporate/Business Meetings ','0.35');
INSERT INTO priceMarketingAttributeSegmentConfig (ConfigID,PMA,Segment,Percentage) VALUES('1','Price ','Families ','0.45');
INSERT INTO priceMarketingAttributeSegmentConfig (ConfigID,PMA,Segment,Percentage) VALUES('1','Price ','International leisure travelers ','0.35');
INSERT INTO priceMarketingAttributeSegmentConfig (ConfigID,PMA,Segment,Percentage) VALUES('1','Price ','Small Business ','0.45');

---===============================================================================================================================
INSERT INTO weekdayvssegmentconfig (ConfigID, WEEKDAY, Segment, Percentage, PriceExpectation) VALUES ('1','0','Afluent Mature Travelers','0.70','225');
INSERT INTO weekdayvssegmentconfig (ConfigID, WEEKDAY, Segment, Percentage, PriceExpectation) VALUES ('1','0','Association Meetings','0.80','200');
INSERT INTO weekdayvssegmentconfig (ConfigID, WEEKDAY, Segment, Percentage, PriceExpectation) VALUES ('1','0','Business','0.10','190');
INSERT INTO weekdayvssegmentconfig (ConfigID, WEEKDAY, Segment, Percentage, PriceExpectation) VALUES ('1','0','Corporate contract','0.05','185');
INSERT INTO weekdayvssegmentconfig (ConfigID, WEEKDAY, Segment, Percentage, PriceExpectation) VALUES ('1','0','Corporate/Business Meetings','0.20','190');
INSERT INTO weekdayvssegmentconfig (ConfigID, WEEKDAY, Segment, Percentage, PriceExpectation) VALUES ('1','0','Families','0.80','175');
INSERT INTO weekdayvssegmentconfig (ConfigID, WEEKDAY, Segment, Percentage, PriceExpectation) VALUES ('1','0','International leisure travelers','0.50','200');
INSERT INTO weekdayvssegmentconfig (ConfigID, WEEKDAY, Segment, Percentage, PriceExpectation) VALUES ('1','0','Small Business','0.15','150');
INSERT INTO weekdayvssegmentconfig (ConfigID, WEEKDAY, Segment, Percentage, PriceExpectation) VALUES ('1','1','Afluent Mature Travelers','0.30','225');
INSERT INTO weekdayvssegmentconfig (ConfigID, WEEKDAY, Segment, Percentage, PriceExpectation) VALUES ('1','1','Association Meetings','0.20','200');
INSERT INTO weekdayvssegmentconfig (ConfigID, WEEKDAY, Segment, Percentage, PriceExpectation) VALUES ('1','1','Business','0.90','225');
INSERT INTO weekdayvssegmentconfig (ConfigID, WEEKDAY, Segment, Percentage, PriceExpectation) VALUES ('1','1','Corporate contract','0.95','185');
INSERT INTO weekdayvssegmentconfig (ConfigID, WEEKDAY, Segment, Percentage, PriceExpectation) VALUES ('1','1','Corporate/Business Meetings','0.80','225');
INSERT INTO weekdayvssegmentconfig (ConfigID, WEEKDAY, Segment, Percentage, PriceExpectation) VALUES ('1','1','Families','0.20','175');
INSERT INTO weekdayvssegmentconfig (ConfigID, WEEKDAY, Segment, Percentage, PriceExpectation) VALUES ('1','1','International leisure travelers','0.50','200');
INSERT INTO weekdayvssegmentconfig (ConfigID, WEEKDAY, Segment, Percentage, PriceExpectation) VALUES ('1','1','Small Business','0.85','175');

---=======================================================================

INSERT INTO idealRatingAttributeWeightConfig(configID,attribute,segment,weight,idealRating) VALUES ('1','Banquet & Catering','Afluent Mature Travelers','0.10','1.0');
INSERT INTO idealRatingAttributeWeightConfig(configID,attribute,segment,weight,idealRating) VALUES ('1','Banquet & Catering','Association Meetings','0.80','8.0') ;
INSERT INTO idealRatingAttributeWeightConfig(configID,attribute,segment,weight,idealRating) VALUES ('1','Banquet & Catering','Business','0.10','1.0') ;
INSERT INTO idealRatingAttributeWeightConfig(configID,attribute,segment,weight,idealRating) VALUES ('1','Banquet & Catering','Corporate contract','0.10','1.0') ;
INSERT INTO idealRatingAttributeWeightConfig(configID,attribute,segment,weight,idealRating) VALUES ('1','Banquet & Catering','Corporate/Business Meetings','0.80','8.0');
INSERT INTO idealRatingAttributeWeightConfig(configID,attribute,segment,weight,idealRating) VALUES ('1','Banquet & Catering','Families','0.10','1.0') ;
INSERT INTO idealRatingAttributeWeightConfig(configID,attribute,segment,weight,idealRating) VALUES ('1','Banquet & Catering','International leisure travelers','0.10','1.0') ;
INSERT INTO idealRatingAttributeWeightConfig(configID,attribute,segment,weight,idealRating) VALUES ('1','Banquet & Catering','Small Business','0.10','1.0') ;
INSERT INTO idealRatingAttributeWeightConfig(configID,attribute,segment,weight,idealRating) VALUES ('1','Bars','Afluent Mature Travelers','0.70','7.0');
INSERT INTO idealRatingAttributeWeightConfig(configID,attribute,segment,weight,idealRating) VALUES ('1','Bars','Association Meetings','0.30','3.0') ;
INSERT INTO idealRatingAttributeWeightConfig(configID,attribute,segment,weight,idealRating) VALUES ('1','Bars','Business','0.60','6.0');
INSERT INTO idealRatingAttributeWeightConfig(configID,attribute,segment,weight,idealRating) VALUES ('1','Bars','Corporate contract','0.30','3.0') ;
INSERT INTO idealRatingAttributeWeightConfig(configID,attribute,segment,weight,idealRating) VALUES ('1','Bars','Corporate/Business Meetings','0.30','3.0');
INSERT INTO idealRatingAttributeWeightConfig(configID,attribute,segment,weight,idealRating) VALUES ('1','Bars','Families','0.20','2.0');
INSERT INTO idealRatingAttributeWeightConfig(configID,attribute,segment,weight,idealRating) VALUES ('1','Bars','International leisure travelers','0.60','6.0');
INSERT INTO idealRatingAttributeWeightConfig(configID,attribute,segment,weight,idealRating) VALUES ('1','Bars','Small Business','0.20','2.0') ;
INSERT INTO idealRatingAttributeWeightConfig(configID,attribute,segment,weight,idealRating) VALUES ('1','Business Center','Afluent Mature Travelers','0.10','1.0');
INSERT INTO idealRatingAttributeWeightConfig(configID,attribute,segment,weight,idealRating) VALUES ('1','Business Center','Association Meetings','0.20','2.0');
INSERT INTO idealRatingAttributeWeightConfig(configID,attribute,segment,weight,idealRating) VALUES ('1','Business Center','Business','0.70','7.0');
INSERT INTO idealRatingAttributeWeightConfig(configID,attribute,segment,weight,idealRating) VALUES ('1','Business Center','Corporate contract','0.50','5.0');
INSERT INTO idealRatingAttributeWeightConfig(configID,attribute,segment,weight,idealRating) VALUES ('1','Business Center','Corporate/Business Meetings','0.90','9.0') ;
INSERT INTO idealRatingAttributeWeightConfig(configID,attribute,segment,weight,idealRating) VALUES ('1','Business Center','Families','0.10','1.0');
INSERT INTO idealRatingAttributeWeightConfig(configID,attribute,segment,weight,idealRating) VALUES ('1','Business Center','International leisure travelers','0.10','1.0');
INSERT INTO idealRatingAttributeWeightConfig(configID,attribute,segment,weight,idealRating) VALUES ('1','Business Center','Small Business','0.70','7.0') ;
INSERT INTO idealRatingAttributeWeightConfig(configID,attribute,segment,weight,idealRating) VALUES ('1','Concierge','Afluent Mature Travelers','0.70','7.0');
INSERT INTO idealRatingAttributeWeightConfig(configID,attribute,segment,weight,idealRating) VALUES ('1','Concierge','Association Meetings','0.20','2.0') ;
INSERT INTO idealRatingAttributeWeightConfig(configID,attribute,segment,weight,idealRating) VALUES ('1','Concierge','Business','0.80','8.0');
INSERT INTO idealRatingAttributeWeightConfig(configID,attribute,segment,weight,idealRating) VALUES ('1','Concierge','Corporate contract','0.60','6.0');
INSERT INTO idealRatingAttributeWeightConfig(configID,attribute,segment,weight,idealRating) VALUES ('1','Concierge','Corporate/Business Meetings','0.20','2.0') ;
INSERT INTO idealRatingAttributeWeightConfig(configID,attribute,segment,weight,idealRating) VALUES ('1','Concierge','Families','0.30','3.0');
INSERT INTO idealRatingAttributeWeightConfig(configID,attribute,segment,weight,idealRating) VALUES ('1','Concierge','International leisure travelers','0.80','8.0') ;
INSERT INTO idealRatingAttributeWeightConfig(configID,attribute,segment,weight,idealRating) VALUES ('1','Concierge','Small Business','0.30','3.0');
INSERT INTO idealRatingAttributeWeightConfig(configID,attribute,segment,weight,idealRating) VALUES ('1','Courtesy (Rooms)','Afluent Mature Travelers','0.50','7.0') ;
INSERT INTO idealRatingAttributeWeightConfig(configID,attribute,segment,weight,idealRating) VALUES ('1','Courtesy (Rooms)','Association Meetings','0.50','7.0') ;
INSERT INTO idealRatingAttributeWeightConfig(configID,attribute,segment,weight,idealRating) VALUES ('1','Courtesy (Rooms)','Business','0.50','7.0') ;
INSERT INTO idealRatingAttributeWeightConfig(configID,attribute,segment,weight,idealRating) VALUES ('1','Courtesy (Rooms)','Corporate contract','0.50','7.0') ;
INSERT INTO idealRatingAttributeWeightConfig(configID,attribute,segment,weight,idealRating) VALUES ('1','Courtesy (Rooms)','Corporate/Business Meetings','0.50','7.0');
INSERT INTO idealRatingAttributeWeightConfig(configID,attribute,segment,weight,idealRating) VALUES ('1','Courtesy (Rooms)','Families','0.50','7.0') ;
INSERT INTO idealRatingAttributeWeightConfig(configID,attribute,segment,weight,idealRating) VALUES ('1','Courtesy (Rooms)','International leisure travelers','0.50','7.0') ;
INSERT INTO idealRatingAttributeWeightConfig(configID,attribute,segment,weight,idealRating) VALUES ('1','Courtesy (Rooms)','Small Business','0.50','7.0');
INSERT INTO idealRatingAttributeWeightConfig(configID,attribute,segment,weight,idealRating) VALUES ('1','Courtesy(FB)','Afluent Mature Travelers','0.90','9.0') ;
INSERT INTO idealRatingAttributeWeightConfig(configID,attribute,segment,weight,idealRating) VALUES ('1','Courtesy(FB)','Association Meetings','0.60','6.0') ;
INSERT INTO idealRatingAttributeWeightConfig(configID,attribute,segment,weight,idealRating) VALUES ('1','Courtesy(FB)','Business','0.90','9.0') ;
INSERT INTO idealRatingAttributeWeightConfig(configID,attribute,segment,weight,idealRating) VALUES ('1','Courtesy(FB)','Corporate contract','0.70','7.0');
INSERT INTO idealRatingAttributeWeightConfig(configID,attribute,segment,weight,idealRating) VALUES ('1','Courtesy(FB)','Corporate/Business Meetings','0.80','8.0');
INSERT INTO idealRatingAttributeWeightConfig(configID,attribute,segment,weight,idealRating) VALUES ('1','Courtesy(FB)','Families','0.70','7.0') ;
INSERT INTO idealRatingAttributeWeightConfig(configID,attribute,segment,weight,idealRating) VALUES ('1','Courtesy(FB)','International leisure travelers','0.80','8.0');
INSERT INTO idealRatingAttributeWeightConfig(configID,attribute,segment,weight,idealRating) VALUES ('1','Courtesy(FB)','Small Business','0.60','6.0') ;
INSERT INTO idealRatingAttributeWeightConfig(configID,attribute,segment,weight,idealRating) VALUES ('1','Entertainment','Afluent Mature Travelers','0.80','8.0');
INSERT INTO idealRatingAttributeWeightConfig(configID,attribute,segment,weight,idealRating) VALUES ('1','Entertainment','Association Meetings','0.50','5.0');
INSERT INTO idealRatingAttributeWeightConfig(configID,attribute,segment,weight,idealRating) VALUES ('1','Entertainment','Business','0.20','2.0');
INSERT INTO idealRatingAttributeWeightConfig(configID,attribute,segment,weight,idealRating) VALUES ('1','Entertainment','Corporate contract','0.10','1.0');
INSERT INTO idealRatingAttributeWeightConfig(configID,attribute,segment,weight,idealRating) VALUES ('1','Entertainment','Corporate/Business Meetings','0.20','2.0') ;
INSERT INTO idealRatingAttributeWeightConfig(configID,attribute,segment,weight,idealRating) VALUES ('1','Entertainment','Families','0.20','2.0');
INSERT INTO idealRatingAttributeWeightConfig(configID,attribute,segment,weight,idealRating) VALUES ('1','Entertainment','International leisure travelers','0.80','8.0') ;
INSERT INTO idealRatingAttributeWeightConfig(configID,attribute,segment,weight,idealRating) VALUES ('1','Entertainment','Small Business','0.20','2.0');
INSERT INTO idealRatingAttributeWeightConfig(configID,attribute,segment,weight,idealRating) VALUES ('1','Fitness Center','Afluent Mature Travelers','0.70','7.0') ;
INSERT INTO idealRatingAttributeWeightConfig(configID,attribute,segment,weight,idealRating) VALUES ('1','Fitness Center','Association Meetings','0.30','3.0') ;
INSERT INTO idealRatingAttributeWeightConfig(configID,attribute,segment,weight,idealRating) VALUES ('1','Fitness Center','Business','0.70','7.0') ;
INSERT INTO idealRatingAttributeWeightConfig(configID,attribute,segment,weight,idealRating) VALUES ('1','Fitness Center','Corporate contract','0.40','4.0') ;
INSERT INTO idealRatingAttributeWeightConfig(configID,attribute,segment,weight,idealRating) VALUES ('1','Fitness Center','Corporate/Business Meetings','0.20','2.0');
INSERT INTO idealRatingAttributeWeightConfig(configID,attribute,segment,weight,idealRating) VALUES ('1','Fitness Center','Families','0.30','3.0') ;
INSERT INTO idealRatingAttributeWeightConfig(configID,attribute,segment,weight,idealRating) VALUES ('1','Fitness Center','International leisure travelers','0.40','4.0');
INSERT INTO idealRatingAttributeWeightConfig(configID,attribute,segment,weight,idealRating) VALUES ('1','Fitness Center','Small Business','0.60','4.0');
INSERT INTO idealRatingAttributeWeightConfig(configID,attribute,segment,weight,idealRating) VALUES ('1','Golf Course','Afluent Mature Travelers','0.90','9.0');
INSERT INTO idealRatingAttributeWeightConfig(configID,attribute,segment,weight,idealRating) VALUES ('1','Golf Course','Association Meetings','0.70','7.0');
INSERT INTO idealRatingAttributeWeightConfig(configID,attribute,segment,weight,idealRating) VALUES ('1','Golf Course','Business','0.60','6.0');
INSERT INTO idealRatingAttributeWeightConfig(configID,attribute,segment,weight,idealRating) VALUES ('1','Golf Course','Corporate contract','0.40','4.0') ;
INSERT INTO idealRatingAttributeWeightConfig(configID,attribute,segment,weight,idealRating) VALUES ('1','Golf Course','Corporate/Business Meetings','0.80','8.0') ;
INSERT INTO idealRatingAttributeWeightConfig(configID,attribute,segment,weight,idealRating) VALUES ('1','Golf Course','Families','0.60','6.0');
INSERT INTO idealRatingAttributeWeightConfig(configID,attribute,segment,weight,idealRating) VALUES ('1','Golf Course','International leisure travelers','0.80','8.0') ;
INSERT INTO idealRatingAttributeWeightConfig(configID,attribute,segment,weight,idealRating) VALUES ('1','Golf Course','Small Business','0.20','2.0');
INSERT INTO idealRatingAttributeWeightConfig(configID,attribute,segment,weight,idealRating) VALUES ('1','Guest Check in/Guest Check out','Afluent Mature Travelers','0.70','7.0');
INSERT INTO idealRatingAttributeWeightConfig(configID,attribute,segment,weight,idealRating) VALUES ('1','Guest Check in/Guest Check out','Association Meetings','0.70','7.0');
INSERT INTO idealRatingAttributeWeightConfig(configID,attribute,segment,weight,idealRating) VALUES ('1','Guest Check in/Guest Check out','Business','0.90','9.0') ;
INSERT INTO idealRatingAttributeWeightConfig(configID,attribute,segment,weight,idealRating) VALUES ('1','Guest Check in/Guest Check out','Corporate contract','0.80','8.0');
INSERT INTO idealRatingAttributeWeightConfig(configID,attribute,segment,weight,idealRating) VALUES ('1','Guest Check in/Guest Check out','Corporate/Business Meetings','0.90','9.0') ;
INSERT INTO idealRatingAttributeWeightConfig(configID,attribute,segment,weight,idealRating) VALUES ('1','Guest Check in/Guest Check out','Families','0.80','8.0') ;
INSERT INTO idealRatingAttributeWeightConfig(configID,attribute,segment,weight,idealRating) VALUES ('1','Guest Check in/Guest Check out','International leisure travelers','0.60','6.0');
INSERT INTO idealRatingAttributeWeightConfig(configID,attribute,segment,weight,idealRating) VALUES ('1','Guest Check in/Guest Check out','Small Business','0.70','7.0') ;
INSERT INTO idealRatingAttributeWeightConfig(configID,attribute,segment,weight,idealRating) VALUES ('1','Guest Rooms','Afluent Mature Travelers','1.00','9.9');
INSERT INTO idealRatingAttributeWeightConfig(configID,attribute,segment,weight,idealRating) VALUES ('1','Guest Rooms','Association Meetings','0.70','7.0');
INSERT INTO idealRatingAttributeWeightConfig(configID,attribute,segment,weight,idealRating) VALUES ('1','Guest Rooms','Business','1.00','9.9');
INSERT INTO idealRatingAttributeWeightConfig(configID,attribute,segment,weight,idealRating) VALUES ('1','Guest Rooms','Corporate contract','0.80','8.0') ;
INSERT INTO idealRatingAttributeWeightConfig(configID,attribute,segment,weight,idealRating) VALUES ('1','Guest Rooms','Corporate/Business Meetings','0.90','9.0') ;
INSERT INTO idealRatingAttributeWeightConfig(configID,attribute,segment,weight,idealRating) VALUES ('1','Guest Rooms','Families','0.90','9.0');
INSERT INTO idealRatingAttributeWeightConfig(configID,attribute,segment,weight,idealRating) VALUES ('1','Guest Rooms','International leisure travelers','0.90','9.0') ;
INSERT INTO idealRatingAttributeWeightConfig(configID,attribute,segment,weight,idealRating) VALUES ('1','Guest Rooms','Small Business','0.70','7.0');
INSERT INTO idealRatingAttributeWeightConfig(configID,attribute,segment,weight,idealRating) VALUES ('1','Housekeeping','Afluent Mature Travelers','0.50','7.0') ;
INSERT INTO idealRatingAttributeWeightConfig(configID,attribute,segment,weight,idealRating) VALUES ('1','Housekeeping','Association Meetings','0.50','7.0') ;
INSERT INTO idealRatingAttributeWeightConfig(configID,attribute,segment,weight,idealRating) VALUES ('1','Housekeeping','Business','0.50','7.0') ;
INSERT INTO idealRatingAttributeWeightConfig(configID,attribute,segment,weight,idealRating) VALUES ('1','Housekeeping','Corporate contract','0.50','7.0');
INSERT INTO idealRatingAttributeWeightConfig(configID,attribute,segment,weight,idealRating) VALUES ('1','Housekeeping','Corporate/Business Meetings','0.50','7.0');
INSERT INTO idealRatingAttributeWeightConfig(configID,attribute,segment,weight,idealRating) VALUES ('1','Housekeeping','Families','0.50','7.0') ;
INSERT INTO idealRatingAttributeWeightConfig(configID,attribute,segment,weight,idealRating) VALUES ('1','Housekeeping','International leisure travelers','0.50','7.0');
INSERT INTO idealRatingAttributeWeightConfig(configID,attribute,segment,weight,idealRating) VALUES ('1','Housekeeping','Small Business','0.50','7.0') ;
INSERT INTO idealRatingAttributeWeightConfig(configID,attribute,segment,weight,idealRating) VALUES ('1','Maintanence and security','Afluent Mature Travelers','0.50','7.0');
INSERT INTO idealRatingAttributeWeightConfig(configID,attribute,segment,weight,idealRating) VALUES ('1','Maintanence and security','Association Meetings','0.50','7.0') ;
INSERT INTO idealRatingAttributeWeightConfig(configID,attribute,segment,weight,idealRating) VALUES ('1','Maintanence and security','Business','0.50','7.0') ;
INSERT INTO idealRatingAttributeWeightConfig(configID,attribute,segment,weight,idealRating) VALUES ('1','Maintanence and security','Corporate contract','0.50','7.0') ;
INSERT INTO idealRatingAttributeWeightConfig(configID,attribute,segment,weight,idealRating) VALUES ('1','Maintanence and security','Corporate/Business Meetings','0.50','7.0') ;
INSERT INTO idealRatingAttributeWeightConfig(configID,attribute,segment,weight,idealRating) VALUES ('1','Maintanence and security','Families','0.50','7.0') ;
INSERT INTO idealRatingAttributeWeightConfig(configID,attribute,segment,weight,idealRating) VALUES ('1','Maintanence and security','International leisure travelers','0.50','7.0') ;
INSERT INTO idealRatingAttributeWeightConfig(configID,attribute,segment,weight,idealRating) VALUES ('1','Maintanence and security','Small Business','0.70','7.0') ;
INSERT INTO idealRatingAttributeWeightConfig(configID,attribute,segment,weight,idealRating) VALUES ('1','Management/Sales Attention','Afluent Mature Travelers','0.10','1.0');
INSERT INTO idealRatingAttributeWeightConfig(configID,attribute,segment,weight,idealRating) VALUES ('1','Management/Sales Attention','Association Meetings','0.80','8.0');
INSERT INTO idealRatingAttributeWeightConfig(configID,attribute,segment,weight,idealRating) VALUES ('1','Management/Sales Attention','Business','0.10','1.0') ;
INSERT INTO idealRatingAttributeWeightConfig(configID,attribute,segment,weight,idealRating) VALUES ('1','Management/Sales Attention','Corporate contract','0.10','1.0') ;
INSERT INTO idealRatingAttributeWeightConfig(configID,attribute,segment,weight,idealRating) VALUES ('1','Management/Sales Attention','Corporate/Business Meetings','1.00','9.9') ;
INSERT INTO idealRatingAttributeWeightConfig(configID,attribute,segment,weight,idealRating) VALUES ('1','Management/Sales Attention','Families','0.20','2.0') ;
INSERT INTO idealRatingAttributeWeightConfig(configID,attribute,segment,weight,idealRating) VALUES ('1','Management/Sales Attention','International leisure travelers','0.10','1.0') ;
INSERT INTO idealRatingAttributeWeightConfig(configID,attribute,segment,weight,idealRating) VALUES ('1','Management/Sales Attention','Small Business','0.10','1.0') ;
INSERT INTO idealRatingAttributeWeightConfig(configID,attribute,segment,weight,idealRating) VALUES ('1','Meeting Rooms','Afluent Mature Travelers','0.10','1.0');
INSERT INTO idealRatingAttributeWeightConfig(configID,attribute,segment,weight,idealRating) VALUES ('1','Meeting Rooms','Association Meetings','0.80','8.0');
INSERT INTO idealRatingAttributeWeightConfig(configID,attribute,segment,weight,idealRating) VALUES ('1','Meeting Rooms','Business','0.10','1.0');
INSERT INTO idealRatingAttributeWeightConfig(configID,attribute,segment,weight,idealRating) VALUES ('1','Meeting Rooms','Corporate contract','0.10','1.0');
INSERT INTO idealRatingAttributeWeightConfig(configID,attribute,segment,weight,idealRating) VALUES ('1','Meeting Rooms','Corporate/Business Meetings','1.00','9.9') ;
INSERT INTO idealRatingAttributeWeightConfig(configID,attribute,segment,weight,idealRating) VALUES ('1','Meeting Rooms','Families','0.10','1.0');
INSERT INTO idealRatingAttributeWeightConfig(configID,attribute,segment,weight,idealRating) VALUES ('1','Meeting Rooms','International leisure travelers','0.10','1.0') ;
INSERT INTO idealRatingAttributeWeightConfig(configID,attribute,segment,weight,idealRating) VALUES ('1','Meeting Rooms','Small Business','0.10','1.0');
INSERT INTO idealRatingAttributeWeightConfig(configID,attribute,segment,weight,idealRating) VALUES ('1','Other Recreation Facilities - Pools, game rooms, tennis courts, ect','Afluent Mature Travelers','0.70','7.0');
INSERT INTO idealRatingAttributeWeightConfig(configID,attribute,segment,weight,idealRating) VALUES ('1','Other Recreation Facilities - Pools, game rooms, tennis courts, ect','Association Meetings','0.30','3.0') ;
INSERT INTO idealRatingAttributeWeightConfig(configID,attribute,segment,weight,idealRating) VALUES ('1','Other Recreation Facilities - Pools, game rooms, tennis courts, ect','Business','0.10','1.0');
INSERT INTO idealRatingAttributeWeightConfig(configID,attribute,segment,weight,idealRating) VALUES ('1','Other Recreation Facilities - Pools, game rooms, tennis courts, ect','Corporate contract','0.10','1.0') ;
INSERT INTO idealRatingAttributeWeightConfig(configID,attribute,segment,weight,idealRating) VALUES ('1','Other Recreation Facilities - Pools, game rooms, tennis courts, ect','Corporate/Business Meetings','0.20','2.0') ;
INSERT INTO idealRatingAttributeWeightConfig(configID,attribute,segment,weight,idealRating) VALUES ('1','Other Recreation Facilities - Pools, game rooms, tennis courts, ect','Families','0.80','8.0');
INSERT INTO idealRatingAttributeWeightConfig(configID,attribute,segment,weight,idealRating) VALUES ('1','Other Recreation Facilities - Pools, game rooms, tennis courts, ect','International leisure travelers','0.30','3.0') ;
INSERT INTO idealRatingAttributeWeightConfig(configID,attribute,segment,weight,idealRating) VALUES ('1','Other Recreation Facilities - Pools, game rooms, tennis courts, ect','Small Business','0.10','1.0') ;
INSERT INTO idealRatingAttributeWeightConfig(configID,attribute,segment,weight,idealRating) VALUES ('1','Reservations','Afluent Mature Travelers','0.50','5.0') ;
INSERT INTO idealRatingAttributeWeightConfig(configID,attribute,segment,weight,idealRating) VALUES ('1','Reservations','Association Meetings','0.60','6.0') ;
INSERT INTO idealRatingAttributeWeightConfig(configID,attribute,segment,weight,idealRating) VALUES ('1','Reservations','Business','0.90','9.0');
INSERT INTO idealRatingAttributeWeightConfig(configID,attribute,segment,weight,idealRating) VALUES ('1','Reservations','Corporate contract','0.80','8.0') ;
INSERT INTO idealRatingAttributeWeightConfig(configID,attribute,segment,weight,idealRating) VALUES ('1','Reservations','Corporate/Business Meetings','0.20','2.0');
INSERT INTO idealRatingAttributeWeightConfig(configID,attribute,segment,weight,idealRating) VALUES ('1','Reservations','Families','0.10','1.0');
INSERT INTO idealRatingAttributeWeightConfig(configID,attribute,segment,weight,idealRating) VALUES ('1','Reservations','International leisure travelers','0.70','7.0');
INSERT INTO idealRatingAttributeWeightConfig(configID,attribute,segment,weight,idealRating) VALUES ('1','Reservations','Small Business','0.70','7.0') ;
INSERT INTO idealRatingAttributeWeightConfig(configID,attribute,segment,weight,idealRating) VALUES ('1','Resturants','Afluent Mature Travelers','0.80','8.0') ;
INSERT INTO idealRatingAttributeWeightConfig(configID,attribute,segment,weight,idealRating) VALUES ('1','Resturants','Association Meetings','0.20','2.0') ;
INSERT INTO idealRatingAttributeWeightConfig(configID,attribute,segment,weight,idealRating) VALUES ('1','Resturants','Business','0.70','7.0');
INSERT INTO idealRatingAttributeWeightConfig(configID,attribute,segment,weight,idealRating) VALUES ('1','Resturants','Corporate contract','0.50','5.0') ;
INSERT INTO idealRatingAttributeWeightConfig(configID,attribute,segment,weight,idealRating) VALUES ('1','Resturants','Corporate/Business Meetings','0.20','2.0');
INSERT INTO idealRatingAttributeWeightConfig(configID,attribute,segment,weight,idealRating) VALUES ('1','Resturants','Families','0.70','7.0');
INSERT INTO idealRatingAttributeWeightConfig(configID,attribute,segment,weight,idealRating) VALUES ('1','Resturants','International leisure travelers','0.80','8.0') ;
INSERT INTO idealRatingAttributeWeightConfig(configID,attribute,segment,weight,idealRating) VALUES ('1','Resturants','Small Business','0.40','4.0');
INSERT INTO idealRatingAttributeWeightConfig(configID,attribute,segment,weight,idealRating) VALUES ('1','Room Service','Afluent Mature Travelers','0.80','8.0') ;
INSERT INTO idealRatingAttributeWeightConfig(configID,attribute,segment,weight,idealRating) VALUES ('1','Room Service','Association Meetings','0.20','2.0') ;
INSERT INTO idealRatingAttributeWeightConfig(configID,attribute,segment,weight,idealRating) VALUES ('1','Room Service','Business','0.40','4.0');
INSERT INTO idealRatingAttributeWeightConfig(configID,attribute,segment,weight,idealRating) VALUES ('1','Room Service','Corporate contract','0.10','1.0') ;
INSERT INTO idealRatingAttributeWeightConfig(configID,attribute,segment,weight,idealRating) VALUES ('1','Room Service','Corporate/Business Meetings','0.20','2.0');
INSERT INTO idealRatingAttributeWeightConfig(configID,attribute,segment,weight,idealRating) VALUES ('1','Room Service','Families','0.70','7.0');
INSERT INTO idealRatingAttributeWeightConfig(configID,attribute,segment,weight,idealRating) VALUES ('1','Room Service','International leisure travelers','0.30','3.0');
INSERT INTO idealRatingAttributeWeightConfig(configID,attribute,segment,weight,idealRating) VALUES ('1','Room Service','Small Business','0.20','2.0') ;
INSERT INTO idealRatingAttributeWeightConfig(configID,attribute,segment,weight,idealRating) VALUES ('1','Spa','Afluent Mature Travelers','0.90','9.0');
INSERT INTO idealRatingAttributeWeightConfig(configID,attribute,segment,weight,idealRating) VALUES ('1','Spa','Association Meetings','0.20','2.0') ;
INSERT INTO idealRatingAttributeWeightConfig(configID,attribute,segment,weight,idealRating) VALUES ('1','Spa','Business','0.20','2.0') ;
INSERT INTO idealRatingAttributeWeightConfig(configID,attribute,segment,weight,idealRating) VALUES ('1','Spa','Corporate contract','0.10','1.0') ;
INSERT INTO idealRatingAttributeWeightConfig(configID,attribute,segment,weight,idealRating) VALUES ('1','Spa','Corporate/Business Meetings','0.30','3.0') ;
INSERT INTO idealRatingAttributeWeightConfig(configID,attribute,segment,weight,idealRating) VALUES ('1','Spa','Families','0.60','6.0') ;
INSERT INTO idealRatingAttributeWeightConfig(configID,attribute,segment,weight,idealRating) VALUES ('1','Spa','International leisure travelers','0.80','8.0') ;
INSERT INTO idealRatingAttributeWeightConfig(configID,attribute,segment,weight,idealRating) VALUES ('1','Spa','Small Business','0.10','1.0') ;


--------==================================================================



INSERT INTO distributionChannelVSsegmentConfig(configID,segment,distributionChannel,percentage,costPercent)VALUES('1','Afluent Mature Travelers','Direct','0.25','0.05');
INSERT INTO distributionChannelVSsegmentConfig(configID,segment,distributionChannel,percentage,costPercent)VALUES('1','Association Meetings','Direct','0.70','0.05');
INSERT INTO distributionChannelVSsegmentConfig(configID,segment,distributionChannel,percentage,costPercent)VALUES('1','Business','Direct','0.40','0.05');
INSERT INTO distributionChannelVSsegmentConfig(configID,segment,distributionChannel,percentage,costPercent)VALUES('1','Corporate contract','Direct','1.00','0.05');
INSERT INTO distributionChannelVSsegmentConfig(configID,segment,distributionChannel,percentage,costPercent)VALUES('1','Corporate/Business Meetings','Direct','1.00','0.05');
INSERT INTO distributionChannelVSsegmentConfig(configID,segment,distributionChannel,percentage,costPercent)VALUES('1','Families','Direct','0.10','0.05');
INSERT INTO distributionChannelVSsegmentConfig(configID,segment,distributionChannel,percentage,costPercent)VALUES('1','International leisure travelers','Direct','0.10','0.05');
INSERT INTO distributionChannelVSsegmentConfig(configID,segment,distributionChannel,percentage,costPercent)VALUES('1','Small Business','Direct','0.20','0.05');
INSERT INTO distributionChannelVSsegmentConfig(configID,segment,distributionChannel,percentage,costPercent)VALUES('1','Afluent Mature Travelers','Online Travel Agent','0.20','0.15');
INSERT INTO distributionChannelVSsegmentConfig(configID,segment,distributionChannel,percentage,costPercent)VALUES('1','Association Meetings','Online Travel Agent','0.20','0.15');
INSERT INTO distributionChannelVSsegmentConfig(configID,segment,distributionChannel,percentage,costPercent)VALUES('1','Business','Online Travel Agent','0.25','0.15');
INSERT INTO distributionChannelVSsegmentConfig(configID,segment,distributionChannel,percentage,costPercent)VALUES('1','Corporate contract','Online Travel Agent','0.00','0.15');
INSERT INTO distributionChannelVSsegmentConfig(configID,segment,distributionChannel,percentage,costPercent)VALUES('1','Corporate/Business Meetings','Online Travel Agent','0.00','0.15');
INSERT INTO distributionChannelVSsegmentConfig(configID,segment,distributionChannel,percentage,costPercent)VALUES('1','Families','Online Travel Agent','0.45','0.15');
INSERT INTO distributionChannelVSsegmentConfig(configID,segment,distributionChannel,percentage,costPercent)VALUES('1','International leisure travelers','Online Travel Agent','0.25','0.15');
INSERT INTO distributionChannelVSsegmentConfig(configID,segment,distributionChannel,percentage,costPercent)VALUES('1','Small Business','Online Travel Agent','0.40','0.15');
INSERT INTO distributionChannelVSsegmentConfig(configID,segment,distributionChannel,percentage,costPercent)VALUES('1','Afluent Mature Travelers','Opaque','0.10','0.25');
INSERT INTO distributionChannelVSsegmentConfig(configID,segment,distributionChannel,percentage,costPercent)VALUES('1','Association Meetings','Opaque','0.00','0.25');
INSERT INTO distributionChannelVSsegmentConfig(configID,segment,distributionChannel,percentage,costPercent)VALUES('1','Business','Opaque','0.00','0.25');
INSERT INTO distributionChannelVSsegmentConfig(configID,segment,distributionChannel,percentage,costPercent)VALUES('1','Corporate contract','Opaque','0.00','0.25');
INSERT INTO distributionChannelVSsegmentConfig(configID,segment,distributionChannel,percentage,costPercent)VALUES('1','Corporate/Business Meetings','Opaque','0.00','0.25');
INSERT INTO distributionChannelVSsegmentConfig(configID,segment,distributionChannel,percentage,costPercent)VALUES('1','Families','Opaque','0.25','0.25');
INSERT INTO distributionChannelVSsegmentConfig(configID,segment,distributionChannel,percentage,costPercent)VALUES('1','International leisure travelers','Opaque','0.15','0.25');
INSERT INTO distributionChannelVSsegmentConfig(configID,segment,distributionChannel,percentage,costPercent)VALUES('1','Small Business','Opaque','0.10','0.25');
INSERT INTO distributionChannelVSsegmentConfig(configID,segment,distributionChannel,percentage,costPercent)VALUES('1','Afluent Mature Travelers','Travel Agent','0.45','0.10');
INSERT INTO distributionChannelVSsegmentConfig(configID,segment,distributionChannel,percentage,costPercent)VALUES('1','Association Meetings','Travel Agent','0.10','0.10');
INSERT INTO distributionChannelVSsegmentConfig(configID,segment,distributionChannel,percentage,costPercent)VALUES('1','Business','Travel Agent','0.35','0.10');
INSERT INTO distributionChannelVSsegmentConfig(configID,segment,distributionChannel,percentage,costPercent)VALUES('1','Corporate contract','Travel Agent','0.00','0.10');
INSERT INTO distributionChannelVSsegmentConfig(configID,segment,distributionChannel,percentage,costPercent)VALUES('1','Corporate/Business Meetings','Travel Agent','0.00','0.10');
INSERT INTO distributionChannelVSsegmentConfig(configID,segment,distributionChannel,percentage,costPercent)VALUES('1','Families','Travel Agent','0.20','0.10');
INSERT INTO distributionChannelVSsegmentConfig(configID,segment,distributionChannel,percentage,costPercent)VALUES('1','International leisure travelers','Travel Agent','0.50','0.10');
INSERT INTO distributionChannelVSsegmentConfig(configID,segment,distributionChannel,percentage,costPercent)VALUES('1','Small Business','Travel Agent','0.30','0.10');

---------================================================================

/*
SET FOREIGN_KEY_CHECKS=0;
SET FOREIGN_KEY_CHECKS=1; 
 
 TRUNCATE TABLE marketingdecision ;
 TRUNCATE TABLE pricedecision ;
 TRUNCATE TABLE AttributeDecision ;
 TRUNCATE TABLE RoomAllocation;
 TRUNCATE TABLE customerRawrating ;
 TRUNCATE TABLE weightedattributerating ;
 TRUNCATE TABLE incomestate;
 TRUNCATE TABLE Goal ;
 TRUNCATE TABLE soldroombychannel ;
 TRUNCATE TABLE balancesheet;
 TRUNCATE TABLE classmonth ;

 select * fromclassmonth;
 select * frommarketingdecision ;
 select * frompricedecision ;
 select * fromAttributeDecision ;
 select * fromRoomAllocation;
 select * fromcustomerRawrating ;
 select * fromweightedattributerating ;
 select * fromincomestate;
 select * fromGoal ;
 select * fromsoldroombychannel ;
 select * frombalancesheet;

*/

///Note 
attributeMaxCapitalOperationConfig   Change preLaborPercent columns (18,9)


